43 mg/ml Spiro,14 mg/ml Spiro
9.45549,18.1724
10.3621,19.1269
12.5894,16.7853
12.4697,18.2458
12.9916,17.8388
11.9178,17.2386
13.5073,17.095
13.3016,17.3464
12.571,17.1365
11.8711,15.8891
7.82456,17.7318
13.7345,18.0623
13.1411,12.0184
12.8793,14.0782
11.0487,16.4693
11.97768333,19.4206
1.657011634,19.0168
,19.0535
,14.3464
,17.10905789
,1.913356203
